pokemon_name,base_experience,height,weight,types,ability_name,ability_url,ability_is_hidden,ability_slot,pokemon_description
bulbasaur,64,7,69,"grass , poison",overgrow,https://pokeapi.co/api/v2/ability/65/,False,1,"When this Pokémon has 1/3 or less of its HP remaining, its grass-type moves inflict 1.5× as much regular damage."
bulbasaur,64,7,69,"grass , poison",chlorophyll,https://pokeapi.co/api/v2/ability/34/,True,3,"This Pokémon's Speed is doubled during strong sunlight.

This bonus does not count as a stat modifier."
ivysaur,142,10,130,"grass , poison",overgrow,https://pokeapi.co/api/v2/ability/65/,False,1,"When this Pokémon has 1/3 or less of its HP remaining, its grass-type moves inflict 1.5× as much regular damage."
ivysaur,142,10,130,"grass , poison",chlorophyll,https://pokeapi.co/api/v2/ability/34/,True,3,"This Pokémon's Speed is doubled during strong sunlight.

This bonus does not count as a stat modifier."
venusaur,236,20,1000,"grass , poison",overgrow,https://pokeapi.co/api/v2/ability/65/,False,1,"When this Pokémon has 1/3 or less of its HP remaining, its grass-type moves inflict 1.5× as much regular damage."
venusaur,236,20,1000,"grass , poison",chlorophyll,https://pokeapi.co/api/v2/ability/34/,True,3,"This Pokémon's Speed is doubled during strong sunlight.

This bonus does not count as a stat modifier."
charmander,62,6,85,fire,blaze,https://pokeapi.co/api/v2/ability/66/,False,1,"When this Pokémon has 1/3 or less of its HP remaining, its fire-type moves inflict 1.5× as much regular damage."
charmander,62,6,85,fire,solar-power,https://pokeapi.co/api/v2/ability/94/,True,3,"During strong sunlight, this Pokémon has 1.5× its Special Attack but takes 1/8 of its maximum HP in damage after each turn."
charmeleon,142,11,190,fire,blaze,https://pokeapi.co/api/v2/ability/66/,False,1,"When this Pokémon has 1/3 or less of its HP remaining, its fire-type moves inflict 1.5× as much regular damage."
charmeleon,142,11,190,fire,solar-power,https://pokeapi.co/api/v2/ability/94/,True,3,"During strong sunlight, this Pokémon has 1.5× its Special Attack but takes 1/8 of its maximum HP in damage after each turn."
charizard,240,17,905,"fire , flying",blaze,https://pokeapi.co/api/v2/ability/66/,False,1,"When this Pokémon has 1/3 or less of its HP remaining, its fire-type moves inflict 1.5× as much regular damage."
charizard,240,17,905,"fire , flying",solar-power,https://pokeapi.co/api/v2/ability/94/,True,3,"During strong sunlight, this Pokémon has 1.5× its Special Attack but takes 1/8 of its maximum HP in damage after each turn."
squirtle,63,5,90,water,torrent,https://pokeapi.co/api/v2/ability/67/,False,1,"When this Pokémon has 1/3 or less of its HP remaining, its water-type moves inflict 1.5× as much regular damage."
squirtle,63,5,90,water,rain-dish,https://pokeapi.co/api/v2/ability/44/,True,3,This Pokémon heals for 1/16 of its maximum HP after each turn during rain.
wartortle,142,10,225,water,torrent,https://pokeapi.co/api/v2/ability/67/,False,1,"When this Pokémon has 1/3 or less of its HP remaining, its water-type moves inflict 1.5× as much regular damage."
wartortle,142,10,225,water,rain-dish,https://pokeapi.co/api/v2/ability/44/,True,3,This Pokémon heals for 1/16 of its maximum HP after each turn during rain.
blastoise,239,16,855,water,torrent,https://pokeapi.co/api/v2/ability/67/,False,1,"When this Pokémon has 1/3 or less of its HP remaining, its water-type moves inflict 1.5× as much regular damage."
blastoise,239,16,855,water,rain-dish,https://pokeapi.co/api/v2/ability/44/,True,3,This Pokémon heals for 1/16 of its maximum HP after each turn during rain.
caterpie,39,3,29,bug,shield-dust,https://pokeapi.co/api/v2/ability/19/,False,1,"This Pokémon is immune to the extra effects of moves used against it.

An extra effect is a move's chance, listed as an ""effect chance"", to inflict a status ailment, cause a stat change, or make the target flinch in addition to the move's main effect.  For example, thunder shock's paralysis is an extra effect, but thunder wave's is not, nor are knock off's item removal and air cutter's increased critical hit rate."
caterpie,39,3,29,bug,run-away,https://pokeapi.co/api/v2/ability/50/,True,3,"This Pokémon is always successful fleeing from wild battles, even if trapped by a move or ability."
metapod,72,7,99,bug,shed-skin,https://pokeapi.co/api/v2/ability/61/,False,1,"After each turn, this Pokémon has a 33% of being cured of any major status ailment."
butterfree,178,11,320,"bug , flying",compound-eyes,https://pokeapi.co/api/v2/ability/14/,False,1,"This Pokémon's moves have 1.3× their accuracy.

This ability has no effect on the one-hit KO moves (fissure, guillotine, horn drill, and sheer cold).

Overworld: If the first Pokémon in the party has this ability, the chance of a wild Pokémon holding a particular item is raised from 50%, 5%, or 1% to 60%, 20%, or 5%, respectively."
butterfree,178,11,320,"bug , flying",tinted-lens,https://pokeapi.co/api/v2/ability/110/,True,3,This Pokémon deals twice as much damage with moves that are not very effective against the target.
weedle,39,3,32,"bug , poison",shield-dust,https://pokeapi.co/api/v2/ability/19/,False,1,"This Pokémon is immune to the extra effects of moves used against it.

An extra effect is a move's chance, listed as an ""effect chance"", to inflict a status ailment, cause a stat change, or make the target flinch in addition to the move's main effect.  For example, thunder shock's paralysis is an extra effect, but thunder wave's is not, nor are knock off's item removal and air cutter's increased critical hit rate."
weedle,39,3,32,"bug , poison",run-away,https://pokeapi.co/api/v2/ability/50/,True,3,"This Pokémon is always successful fleeing from wild battles, even if trapped by a move or ability."
kakuna,72,6,100,"bug , poison",shed-skin,https://pokeapi.co/api/v2/ability/61/,False,1,"After each turn, this Pokémon has a 33% of being cured of any major status ailment."
beedrill,178,10,295,"bug , poison",swarm,https://pokeapi.co/api/v2/ability/68/,False,1,"When this Pokémon has 1/3 or less of its HP remaining, its bug-type moves inflict 1.5× as much regular damage.

Overworld: If the lead Pokémon has this ability, the wild encounter rate is increased."
beedrill,178,10,295,"bug , poison",sniper,https://pokeapi.co/api/v2/ability/97/,True,3,"This Pokémon inflicts triple damage with critical hits, rather than the usual double damage."
pidgey,50,3,18,"normal , flying",keen-eye,https://pokeapi.co/api/v2/ability/51/,False,1,"This Pokémon cannot have its accuracy lowered.

This ability does not prevent any accuracy losses other than stat modifiers, such as the accuracy cut from fog; nor does it prevent other Pokémon's evasion from making this Pokémon's moves less accurate.  This Pokémon can still be passed negative accuracy modifiers through heart swap.

Overworld: If the first Pokémon in the party has this ability, any random encounter with a Pokémon five or more levels lower than it has a 50% chance of being skipped."
pidgey,50,3,18,"normal , flying",tangled-feet,https://pokeapi.co/api/v2/ability/77/,False,2,"When this Pokémon is confused, it has twice its evasion."
pidgey,50,3,18,"normal , flying",big-pecks,https://pokeapi.co/api/v2/ability/145/,True,3,"This Pokémon's Defense cannot be lowered by other Pokémon.

This Pokémon can still be passed negative Defense modifiers through heart swap or guard swap."
pidgeotto,122,11,300,"normal , flying",keen-eye,https://pokeapi.co/api/v2/ability/51/,False,1,"This Pokémon cannot have its accuracy lowered.

This ability does not prevent any accuracy losses other than stat modifiers, such as the accuracy cut from fog; nor does it prevent other Pokémon's evasion from making this Pokémon's moves less accurate.  This Pokémon can still be passed negative accuracy modifiers through heart swap.

Overworld: If the first Pokémon in the party has this ability, any random encounter with a Pokémon five or more levels lower than it has a 50% chance of being skipped."
pidgeotto,122,11,300,"normal , flying",tangled-feet,https://pokeapi.co/api/v2/ability/77/,False,2,"When this Pokémon is confused, it has twice its evasion."
pidgeotto,122,11,300,"normal , flying",big-pecks,https://pokeapi.co/api/v2/ability/145/,True,3,"This Pokémon's Defense cannot be lowered by other Pokémon.

This Pokémon can still be passed negative Defense modifiers through heart swap or guard swap."
pidgeot,216,15,395,"normal , flying",keen-eye,https://pokeapi.co/api/v2/ability/51/,False,1,"This Pokémon cannot have its accuracy lowered.

This ability does not prevent any accuracy losses other than stat modifiers, such as the accuracy cut from fog; nor does it prevent other Pokémon's evasion from making this Pokémon's moves less accurate.  This Pokémon can still be passed negative accuracy modifiers through heart swap.

Overworld: If the first Pokémon in the party has this ability, any random encounter with a Pokémon five or more levels lower than it has a 50% chance of being skipped."
pidgeot,216,15,395,"normal , flying",tangled-feet,https://pokeapi.co/api/v2/ability/77/,False,2,"When this Pokémon is confused, it has twice its evasion."
pidgeot,216,15,395,"normal , flying",big-pecks,https://pokeapi.co/api/v2/ability/145/,True,3,"This Pokémon's Defense cannot be lowered by other Pokémon.

This Pokémon can still be passed negative Defense modifiers through heart swap or guard swap."
rattata,51,3,35,normal,run-away,https://pokeapi.co/api/v2/ability/50/,False,1,"This Pokémon is always successful fleeing from wild battles, even if trapped by a move or ability."
rattata,51,3,35,normal,guts,https://pokeapi.co/api/v2/ability/62/,False,2,"Whenever this Pokémon is asleep, burned, paralyzed, or poisoned, it has 1.5× its Attack.  This Pokémon is not affected by the usual Attack cut from a burn.

This bonus does not count as a stat modifier."
rattata,51,3,35,normal,hustle,https://pokeapi.co/api/v2/ability/55/,True,3,"This Pokémon's physical moves do 1.5× as much regular damage, but have 0.8× their usual accuracy.

Special moves are unaffected.  Moves that do set damage, such as seismic toss, have their accuracy affected, but not their damage.

Overworld: If the lead Pokémon has this ability, higher-levelled Pokémon have their encounter rate increased."
raticate,145,7,185,normal,run-away,https://pokeapi.co/api/v2/ability/50/,False,1,"This Pokémon is always successful fleeing from wild battles, even if trapped by a move or ability."
raticate,145,7,185,normal,guts,https://pokeapi.co/api/v2/ability/62/,False,2,"Whenever this Pokémon is asleep, burned, paralyzed, or poisoned, it has 1.5× its Attack.  This Pokémon is not affected by the usual Attack cut from a burn.

This bonus does not count as a stat modifier."
raticate,145,7,185,normal,hustle,https://pokeapi.co/api/v2/ability/55/,True,3,"This Pokémon's physical moves do 1.5× as much regular damage, but have 0.8× their usual accuracy.

Special moves are unaffected.  Moves that do set damage, such as seismic toss, have their accuracy affected, but not their damage.

Overworld: If the lead Pokémon has this ability, higher-levelled Pokémon have their encounter rate increased."
spearow,52,3,20,"normal , flying",keen-eye,https://pokeapi.co/api/v2/ability/51/,False,1,"This Pokémon cannot have its accuracy lowered.

This ability does not prevent any accuracy losses other than stat modifiers, such as the accuracy cut from fog; nor does it prevent other Pokémon's evasion from making this Pokémon's moves less accurate.  This Pokémon can still be passed negative accuracy modifiers through heart swap.

Overworld: If the first Pokémon in the party has this ability, any random encounter with a Pokémon five or more levels lower than it has a 50% chance of being skipped."
spearow,52,3,20,"normal , flying",sniper,https://pokeapi.co/api/v2/ability/97/,True,3,"This Pokémon inflicts triple damage with critical hits, rather than the usual double damage."
fearow,155,12,380,"normal , flying",keen-eye,https://pokeapi.co/api/v2/ability/51/,False,1,"This Pokémon cannot have its accuracy lowered.

This ability does not prevent any accuracy losses other than stat modifiers, such as the accuracy cut from fog; nor does it prevent other Pokémon's evasion from making this Pokémon's moves less accurate.  This Pokémon can still be passed negative accuracy modifiers through heart swap.

Overworld: If the first Pokémon in the party has this ability, any random encounter with a Pokémon five or more levels lower than it has a 50% chance of being skipped."
fearow,155,12,380,"normal , flying",sniper,https://pokeapi.co/api/v2/ability/97/,True,3,"This Pokémon inflicts triple damage with critical hits, rather than the usual double damage."
ekans,58,20,69,poison,intimidate,https://pokeapi.co/api/v2/ability/22/,False,1,"When this Pokémon enters battle, the opponent's Attack is lowered by one stage.  In a double battle, both opponents are affected.

This ability also takes effect when acquired during a battle, but will not take effect again if lost and reobtained without leaving battle.

This ability has no effect on an opponent that has a substitute.

Overworld: If the first Pokémon in the party has this ability, any random encounter with a Pokémon five or more levels lower than it has a 50% chance of being skipped."
ekans,58,20,69,poison,shed-skin,https://pokeapi.co/api/v2/ability/61/,False,2,"After each turn, this Pokémon has a 33% of being cured of any major status ailment."
ekans,58,20,69,poison,unnerve,https://pokeapi.co/api/v2/ability/127/,True,3,"Opposing Pokémon cannot eat held Berries while this Pokémon is in battle.

Affected Pokémon can still use bug bite or pluck to eat a target's Berry."
arbok,157,35,650,poison,intimidate,https://pokeapi.co/api/v2/ability/22/,False,1,"When this Pokémon enters battle, the opponent's Attack is lowered by one stage.  In a double battle, both opponents are affected.

This ability also takes effect when acquired during a battle, but will not take effect again if lost and reobtained without leaving battle.

This ability has no effect on an opponent that has a substitute.

Overworld: If the first Pokémon in the party has this ability, any random encounter with a Pokémon five or more levels lower than it has a 50% chance of being skipped."
arbok,157,35,650,poison,shed-skin,https://pokeapi.co/api/v2/ability/61/,False,2,"After each turn, this Pokémon has a 33% of being cured of any major status ailment."
arbok,157,35,650,poison,unnerve,https://pokeapi.co/api/v2/ability/127/,True,3,"Opposing Pokémon cannot eat held Berries while this Pokémon is in battle.

Affected Pokémon can still use bug bite or pluck to eat a target's Berry."
pikachu,112,4,60,electric,static,https://pokeapi.co/api/v2/ability/9/,False,1,"Whenever a move makes contact with this Pokémon, the move's user has a 30% chance of being paralyzed.

Pokémon that are immune to electric-type moves can still be paralyzed by this ability.

Overworld: If the lead Pokémon has this ability, there is a 50% chance that encounters will be with an electric Pokémon, if applicable."
pikachu,112,4,60,electric,lightning-rod,https://pokeapi.co/api/v2/ability/31/,True,3,"All other Pokémon's single-target electric-type moves are redirected to this Pokémon if it is an eligible target.  Other Pokémon's Electric moves raise this Pokémon's Special Attack one stage, negating any other effect on it, and cannot miss it.

If the move's intended target also has this ability, the move is not redirected.  When multiple Pokémon with this ability are possible targets for redirection, the move is redirected to the one with the highest Speed stat, or, in the case of a tie, to a random tied Pokémon.  follow me takes precedence over this ability.

If the Pokémon is a ground-type and thus immune to Electric moves, its immunity prevents the Special Attack boost."
raichu,218,8,300,electric,static,https://pokeapi.co/api/v2/ability/9/,False,1,"Whenever a move makes contact with this Pokémon, the move's user has a 30% chance of being paralyzed.

Pokémon that are immune to electric-type moves can still be paralyzed by this ability.

Overworld: If the lead Pokémon has this ability, there is a 50% chance that encounters will be with an electric Pokémon, if applicable."
raichu,218,8,300,electric,lightning-rod,https://pokeapi.co/api/v2/ability/31/,True,3,"All other Pokémon's single-target electric-type moves are redirected to this Pokémon if it is an eligible target.  Other Pokémon's Electric moves raise this Pokémon's Special Attack one stage, negating any other effect on it, and cannot miss it.

If the move's intended target also has this ability, the move is not redirected.  When multiple Pokémon with this ability are possible targets for redirection, the move is redirected to the one with the highest Speed stat, or, in the case of a tie, to a random tied Pokémon.  follow me takes precedence over this ability.

If the Pokémon is a ground-type and thus immune to Electric moves, its immunity prevents the Special Attack boost."
sandshrew,60,6,120,ground,sand-veil,https://pokeapi.co/api/v2/ability/8/,False,1,"During a sandstorm, this Pokémon has 1.25× its evasion, and it does not take sandstorm damage regardless of type.

The evasion bonus does not count as a stat modifier.

Overworld: If the lead Pokémon has this ability, the wild encounter rate is halved in a sandstorm."
sandshrew,60,6,120,ground,sand-rush,https://pokeapi.co/api/v2/ability/146/,True,3,"This Pokémon's Speed is doubled during a sandstorm, and it does not take sandstorm damage, regardless of type."
sandslash,158,10,295,ground,sand-veil,https://pokeapi.co/api/v2/ability/8/,False,1,"During a sandstorm, this Pokémon has 1.25× its evasion, and it does not take sandstorm damage regardless of type.

The evasion bonus does not count as a stat modifier.

Overworld: If the lead Pokémon has this ability, the wild encounter rate is halved in a sandstorm."
sandslash,158,10,295,ground,sand-rush,https://pokeapi.co/api/v2/ability/146/,True,3,"This Pokémon's Speed is doubled during a sandstorm, and it does not take sandstorm damage, regardless of type."
nidoran-f,55,4,70,poison,poison-point,https://pokeapi.co/api/v2/ability/38/,False,1,"Whenever a move makes contact with this Pokémon, the move's user has a 30% chance of being poisoned."
nidoran-f,55,4,70,poison,rivalry,https://pokeapi.co/api/v2/ability/79/,False,2,"This Pokémon inflicts 1.25× as much regular damage against Pokémon of the same gender and 0.75× as much regular damage against Pokémon of the opposite gender.

If either Pokémon is genderless, damage is unaffected."
nidoran-f,55,4,70,poison,hustle,https://pokeapi.co/api/v2/ability/55/,True,3,"This Pokémon's physical moves do 1.5× as much regular damage, but have 0.8× their usual accuracy.

Special moves are unaffected.  Moves that do set damage, such as seismic toss, have their accuracy affected, but not their damage.

Overworld: If the lead Pokémon has this ability, higher-levelled Pokémon have their encounter rate increased."
nidorina,128,8,200,poison,poison-point,https://pokeapi.co/api/v2/ability/38/,False,1,"Whenever a move makes contact with this Pokémon, the move's user has a 30% chance of being poisoned."
nidorina,128,8,200,poison,rivalry,https://pokeapi.co/api/v2/ability/79/,False,2,"This Pokémon inflicts 1.25× as much regular damage against Pokémon of the same gender and 0.75× as much regular damage against Pokémon of the opposite gender.

If either Pokémon is genderless, damage is unaffected."
nidorina,128,8,200,poison,hustle,https://pokeapi.co/api/v2/ability/55/,True,3,"This Pokémon's physical moves do 1.5× as much regular damage, but have 0.8× their usual accuracy.

Special moves are unaffected.  Moves that do set damage, such as seismic toss, have their accuracy affected, but not their damage.

Overworld: If the lead Pokémon has this ability, higher-levelled Pokémon have their encounter rate increased."
nidoqueen,227,13,600,"poison , ground",poison-point,https://pokeapi.co/api/v2/ability/38/,False,1,"Whenever a move makes contact with this Pokémon, the move's user has a 30% chance of being poisoned."
nidoqueen,227,13,600,"poison , ground",rivalry,https://pokeapi.co/api/v2/ability/79/,False,2,"This Pokémon inflicts 1.25× as much regular damage against Pokémon of the same gender and 0.75× as much regular damage against Pokémon of the opposite gender.

If either Pokémon is genderless, damage is unaffected."
nidoqueen,227,13,600,"poison , ground",sheer-force,https://pokeapi.co/api/v2/ability/125/,True,3,"This Pokémon's moves with extra effects have 1.3× their power, but lose their extra effects.

An effect chance is a move's chance to inflict a status ailment, cause a stat change, or make the target flinch in addition to the move's main effect. For example, thunder shock's paralysis is an extra effect, but thunder wave's is not, nor are knock off's item removal and air cutter's increased critical hit rate.

Moves that lower the user's stats are unaffected."
nidoran-m,55,5,90,poison,poison-point,https://pokeapi.co/api/v2/ability/38/,False,1,"Whenever a move makes contact with this Pokémon, the move's user has a 30% chance of being poisoned."
nidoran-m,55,5,90,poison,rivalry,https://pokeapi.co/api/v2/ability/79/,False,2,"This Pokémon inflicts 1.25× as much regular damage against Pokémon of the same gender and 0.75× as much regular damage against Pokémon of the opposite gender.

If either Pokémon is genderless, damage is unaffected."
nidoran-m,55,5,90,poison,hustle,https://pokeapi.co/api/v2/ability/55/,True,3,"This Pokémon's physical moves do 1.5× as much regular damage, but have 0.8× their usual accuracy.

Special moves are unaffected.  Moves that do set damage, such as seismic toss, have their accuracy affected, but not their damage.

Overworld: If the lead Pokémon has this ability, higher-levelled Pokémon have their encounter rate increased."
nidorino,128,9,195,poison,poison-point,https://pokeapi.co/api/v2/ability/38/,False,1,"Whenever a move makes contact with this Pokémon, the move's user has a 30% chance of being poisoned."
nidorino,128,9,195,poison,rivalry,https://pokeapi.co/api/v2/ability/79/,False,2,"This Pokémon inflicts 1.25× as much regular damage against Pokémon of the same gender and 0.75× as much regular damage against Pokémon of the opposite gender.

If either Pokémon is genderless, damage is unaffected."
nidorino,128,9,195,poison,hustle,https://pokeapi.co/api/v2/ability/55/,True,3,"This Pokémon's physical moves do 1.5× as much regular damage, but have 0.8× their usual accuracy.

Special moves are unaffected.  Moves that do set damage, such as seismic toss, have their accuracy affected, but not their damage.

Overworld: If the lead Pokémon has this ability, higher-levelled Pokémon have their encounter rate increased."
nidoking,227,14,620,"poison , ground",poison-point,https://pokeapi.co/api/v2/ability/38/,False,1,"Whenever a move makes contact with this Pokémon, the move's user has a 30% chance of being poisoned."
nidoking,227,14,620,"poison , ground",rivalry,https://pokeapi.co/api/v2/ability/79/,False,2,"This Pokémon inflicts 1.25× as much regular damage against Pokémon of the same gender and 0.75× as much regular damage against Pokémon of the opposite gender.

If either Pokémon is genderless, damage is unaffected."
nidoking,227,14,620,"poison , ground",sheer-force,https://pokeapi.co/api/v2/ability/125/,True,3,"This Pokémon's moves with extra effects have 1.3× their power, but lose their extra effects.

An effect chance is a move's chance to inflict a status ailment, cause a stat change, or make the target flinch in addition to the move's main effect. For example, thunder shock's paralysis is an extra effect, but thunder wave's is not, nor are knock off's item removal and air cutter's increased critical hit rate.

Moves that lower the user's stats are unaffected."
clefairy,113,6,75,fairy,cute-charm,https://pokeapi.co/api/v2/ability/56/,False,1,"Whenever a move makes contact with this Pokémon, the move's user has a 30% chance of being infatuated.

Overworld: If the first Pokémon in the party has this ability, any wild Pokémon whose species can be either gender has a 2/3 chance of being set to the opposite gender, and a 1/3 chance of having a random gender as usual."
clefairy,113,6,75,fairy,magic-guard,https://pokeapi.co/api/v2/ability/98/,False,2,"This Pokémon is immune to damage not directly caused by a move.

For example, this Pokémon takes no damage from from weather, recoil, status ailments, or spikes, but it still suffers from the Attack cut when burned, and a life orb will still power up this Pokémon's moves without damaging it.  Anything that directly depends on such damage will also not happen; for example, leech seed will neither hurt this Pokémon nor heal the opponent, and Pokémon with a jaboca berry or rowap berry will not consume the berry when hit by this Pokémon.

The following are unaffected: struggle, pain split (whether used by or against this Pokémon), belly drum, substitute, curse, moves that knock the user out, and damage from confusion.

This Pokémon will neither lose nor regain HP if it drains HP from a Pokémon with liquid ooze.

If this Pokémon is badly poisoned, the poison counter is still increased each turn; if the Pokémon loses this ability, it will begin taking as much damage as it would be if it had been taking increasing damage each turn."
clefairy,113,6,75,fairy,friend-guard,https://pokeapi.co/api/v2/ability/132/,True,3,"All friendly Pokémon take 0.75× as much direct damage from moves while this Pokémon is in battle.

This effect stacks if multiple allied Pokémon have it."
clefable,217,13,400,fairy,cute-charm,https://pokeapi.co/api/v2/ability/56/,False,1,"Whenever a move makes contact with this Pokémon, the move's user has a 30% chance of being infatuated.

Overworld: If the first Pokémon in the party has this ability, any wild Pokémon whose species can be either gender has a 2/3 chance of being set to the opposite gender, and a 1/3 chance of having a random gender as usual."
clefable,217,13,400,fairy,magic-guard,https://pokeapi.co/api/v2/ability/98/,False,2,"This Pokémon is immune to damage not directly caused by a move.

For example, this Pokémon takes no damage from from weather, recoil, status ailments, or spikes, but it still suffers from the Attack cut when burned, and a life orb will still power up this Pokémon's moves without damaging it.  Anything that directly depends on such damage will also not happen; for example, leech seed will neither hurt this Pokémon nor heal the opponent, and Pokémon with a jaboca berry or rowap berry will not consume the berry when hit by this Pokémon.

The following are unaffected: struggle, pain split (whether used by or against this Pokémon), belly drum, substitute, curse, moves that knock the user out, and damage from confusion.

This Pokémon will neither lose nor regain HP if it drains HP from a Pokémon with liquid ooze.

If this Pokémon is badly poisoned, the poison counter is still increased each turn; if the Pokémon loses this ability, it will begin taking as much damage as it would be if it had been taking increasing damage each turn."
clefable,217,13,400,fairy,unaware,https://pokeapi.co/api/v2/ability/109/,True,3,"This Pokémon ignores other Pokémon's stat modifiers for the purposes of damage and accuracy calculation.

Effectively, this affects modifiers of every stat except Speed.

The power of punishment and stored power is calculated as usual.  When this Pokémon hurts itself in confusion, its stat modifiers affect damage as usual."
vulpix,60,6,99,fire,flash-fire,https://pokeapi.co/api/v2/ability/18/,False,1,"This Pokémon is immune to fire-type moves.  Once this Pokémon has been hit by a Fire move, its own Fire moves will inflict 1.5× as much damage until it leaves battle.

This ability has no effect while the Pokémon is frozen.  The Fire damage bonus is retained even if the Pokémon is frozen and thawed or the ability is lost or disabled.  Fire moves will ignore this Pokémon's substitute.  This ability takes effect even on non-damaging moves, i.e. will o wisp."
vulpix,60,6,99,fire,drought,https://pokeapi.co/api/v2/ability/70/,True,3,"The weather changes to strong sunlight when this Pokémon enters battle and does not end unless cancelled by another weather condition.

If multiple Pokémon with this ability, drizzle, sand stream, or snow warning are sent out at the same time, the abilities will activate in order of Speed, respecting trick room.  Each ability's weather will cancel the previous weather, and only the weather summoned by the slowest of the Pokémon will stay."
ninetales,177,11,199,fire,flash-fire,https://pokeapi.co/api/v2/ability/18/,False,1,"This Pokémon is immune to fire-type moves.  Once this Pokémon has been hit by a Fire move, its own Fire moves will inflict 1.5× as much damage until it leaves battle.

This ability has no effect while the Pokémon is frozen.  The Fire damage bonus is retained even if the Pokémon is frozen and thawed or the ability is lost or disabled.  Fire moves will ignore this Pokémon's substitute.  This ability takes effect even on non-damaging moves, i.e. will o wisp."
ninetales,177,11,199,fire,drought,https://pokeapi.co/api/v2/ability/70/,True,3,"The weather changes to strong sunlight when this Pokémon enters battle and does not end unless cancelled by another weather condition.

If multiple Pokémon with this ability, drizzle, sand stream, or snow warning are sent out at the same time, the abilities will activate in order of Speed, respecting trick room.  Each ability's weather will cancel the previous weather, and only the weather summoned by the slowest of the Pokémon will stay."
jigglypuff,95,5,55,"normal , fairy",cute-charm,https://pokeapi.co/api/v2/ability/56/,False,1,"Whenever a move makes contact with this Pokémon, the move's user has a 30% chance of being infatuated.

Overworld: If the first Pokémon in the party has this ability, any wild Pokémon whose species can be either gender has a 2/3 chance of being set to the opposite gender, and a 1/3 chance of having a random gender as usual."
jigglypuff,95,5,55,"normal , fairy",competitive,https://pokeapi.co/api/v2/ability/172/,False,2,Raises Special Attack by two stages upon having any stat lowered.
jigglypuff,95,5,55,"normal , fairy",friend-guard,https://pokeapi.co/api/v2/ability/132/,True,3,"All friendly Pokémon take 0.75× as much direct damage from moves while this Pokémon is in battle.

This effect stacks if multiple allied Pokémon have it."
wigglytuff,196,10,120,"normal , fairy",cute-charm,https://pokeapi.co/api/v2/ability/56/,False,1,"Whenever a move makes contact with this Pokémon, the move's user has a 30% chance of being infatuated.

Overworld: If the first Pokémon in the party has this ability, any wild Pokémon whose species can be either gender has a 2/3 chance of being set to the opposite gender, and a 1/3 chance of having a random gender as usual."
wigglytuff,196,10,120,"normal , fairy",competitive,https://pokeapi.co/api/v2/ability/172/,False,2,Raises Special Attack by two stages upon having any stat lowered.
wigglytuff,196,10,120,"normal , fairy",frisk,https://pokeapi.co/api/v2/ability/119/,True,3,"When this Pokémon enters battle, it reveals an opposing Pokémon's held item to all participating trainers.

In a double battle, if one opponent has an item, this Pokémon will Frisk that Pokémon; if both have an item, it will Frisk one at random."
zubat,49,8,75,"poison , flying",inner-focus,https://pokeapi.co/api/v2/ability/39/,False,1,This Pokémon cannot flinch.
zubat,49,8,75,"poison , flying",infiltrator,https://pokeapi.co/api/v2/ability/151/,True,3,"This Pokémon's moves ignore light screen, reflect, and safeguard."
golbat,159,16,550,"poison , flying",inner-focus,https://pokeapi.co/api/v2/ability/39/,False,1,This Pokémon cannot flinch.
golbat,159,16,550,"poison , flying",infiltrator,https://pokeapi.co/api/v2/ability/151/,True,3,"This Pokémon's moves ignore light screen, reflect, and safeguard."
oddish,64,5,54,"grass , poison",chlorophyll,https://pokeapi.co/api/v2/ability/34/,False,1,"This Pokémon's Speed is doubled during strong sunlight.

This bonus does not count as a stat modifier."
oddish,64,5,54,"grass , poison",run-away,https://pokeapi.co/api/v2/ability/50/,True,3,"This Pokémon is always successful fleeing from wild battles, even if trapped by a move or ability."
gloom,138,8,86,"grass , poison",chlorophyll,https://pokeapi.co/api/v2/ability/34/,False,1,"This Pokémon's Speed is doubled during strong sunlight.

This bonus does not count as a stat modifier."
gloom,138,8,86,"grass , poison",stench,https://pokeapi.co/api/v2/ability/1/,True,3,"This Pokémon's damaging moves have a 10% chance to make the target flinch with each hit if they do not already cause flinching as a secondary effect.

This ability does not stack with a held item.

Overworld: The wild encounter rate is halved while this Pokémon is first in the party."
vileplume,221,12,186,"grass , poison",chlorophyll,https://pokeapi.co/api/v2/ability/34/,False,1,"This Pokémon's Speed is doubled during strong sunlight.

This bonus does not count as a stat modifier."
vileplume,221,12,186,"grass , poison",effect-spore,https://pokeapi.co/api/v2/ability/27/,True,3,"Whenever a move makes contact with this Pokémon, the move's user has a 30% chance of being paralyzed, poisoned, or put to sleep, chosen at random.

Nothing is done to compensate if the move's user is immune to one of these ailments; there is simply a lower chance that the move's user will be affected."
paras,57,3,54,"bug , grass",effect-spore,https://pokeapi.co/api/v2/ability/27/,False,1,"Whenever a move makes contact with this Pokémon, the move's user has a 30% chance of being paralyzed, poisoned, or put to sleep, chosen at random.

Nothing is done to compensate if the move's user is immune to one of these ailments; there is simply a lower chance that the move's user will be affected."
paras,57,3,54,"bug , grass",dry-skin,https://pokeapi.co/api/v2/ability/87/,False,2,"This Pokémon takes 1/8 of its maximum HP in damage after each turn during strong sunlight, but it heals for 1/8 of its HP each turn during rain.  This Pokémon takes 1.25× as much damage from fire-type moves, but whenever a water move hits it, it heals for 1/4 its maximum HP instead."
paras,57,3,54,"bug , grass",damp,https://pokeapi.co/api/v2/ability/6/,True,3,"While this Pokémon is in battle, self destruct and explosion will fail and aftermath will not take effect."
parasect,142,10,295,"bug , grass",effect-spore,https://pokeapi.co/api/v2/ability/27/,False,1,"Whenever a move makes contact with this Pokémon, the move's user has a 30% chance of being paralyzed, poisoned, or put to sleep, chosen at random.

Nothing is done to compensate if the move's user is immune to one of these ailments; there is simply a lower chance that the move's user will be affected."
parasect,142,10,295,"bug , grass",dry-skin,https://pokeapi.co/api/v2/ability/87/,False,2,"This Pokémon takes 1/8 of its maximum HP in damage after each turn during strong sunlight, but it heals for 1/8 of its HP each turn during rain.  This Pokémon takes 1.25× as much damage from fire-type moves, but whenever a water move hits it, it heals for 1/4 its maximum HP instead."
parasect,142,10,295,"bug , grass",damp,https://pokeapi.co/api/v2/ability/6/,True,3,"While this Pokémon is in battle, self destruct and explosion will fail and aftermath will not take effect."
venonat,61,10,300,"bug , poison",compound-eyes,https://pokeapi.co/api/v2/ability/14/,False,1,"This Pokémon's moves have 1.3× their accuracy.

This ability has no effect on the one-hit KO moves (fissure, guillotine, horn drill, and sheer cold).

Overworld: If the first Pokémon in the party has this ability, the chance of a wild Pokémon holding a particular item is raised from 50%, 5%, or 1% to 60%, 20%, or 5%, respectively."
venonat,61,10,300,"bug , poison",tinted-lens,https://pokeapi.co/api/v2/ability/110/,False,2,This Pokémon deals twice as much damage with moves that are not very effective against the target.
venonat,61,10,300,"bug , poison",run-away,https://pokeapi.co/api/v2/ability/50/,True,3,"This Pokémon is always successful fleeing from wild battles, even if trapped by a move or ability."
venomoth,158,15,125,"bug , poison",shield-dust,https://pokeapi.co/api/v2/ability/19/,False,1,"This Pokémon is immune to the extra effects of moves used against it.

An extra effect is a move's chance, listed as an ""effect chance"", to inflict a status ailment, cause a stat change, or make the target flinch in addition to the move's main effect.  For example, thunder shock's paralysis is an extra effect, but thunder wave's is not, nor are knock off's item removal and air cutter's increased critical hit rate."
venomoth,158,15,125,"bug , poison",tinted-lens,https://pokeapi.co/api/v2/ability/110/,False,2,This Pokémon deals twice as much damage with moves that are not very effective against the target.
venomoth,158,15,125,"bug , poison",wonder-skin,https://pokeapi.co/api/v2/ability/147/,True,3,Non-damaging moves have exactly 50% base accuracy against this Pokémon.
diglett,53,2,8,ground,sand-veil,https://pokeapi.co/api/v2/ability/8/,False,1,"During a sandstorm, this Pokémon has 1.25× its evasion, and it does not take sandstorm damage regardless of type.

The evasion bonus does not count as a stat modifier.

Overworld: If the lead Pokémon has this ability, the wild encounter rate is halved in a sandstorm."
diglett,53,2,8,ground,arena-trap,https://pokeapi.co/api/v2/ability/71/,False,2,"While this Pokémon is in battle, opposing Pokémon cannot flee or switch out.  flying-type Pokémon and Pokémon in the air, e.g. due to levitate or magnet rise, are unaffected.

Pokémon with run away can still flee.  Pokémon can still switch out with the use of a move or item.

Overworld: If the lead Pokémon has this ability, the wild encounter rate is doubled."
diglett,53,2,8,ground,sand-force,https://pokeapi.co/api/v2/ability/159/,True,3,"During a sandstorm, this Pokémon's rock-, ground-, and steel-type moves have 1.3× their base power.  This Pokémon does not take sandstorm damage, regardless of type."
dugtrio,149,7,333,ground,sand-veil,https://pokeapi.co/api/v2/ability/8/,False,1,"During a sandstorm, this Pokémon has 1.25× its evasion, and it does not take sandstorm damage regardless of type.

The evasion bonus does not count as a stat modifier.

Overworld: If the lead Pokémon has this ability, the wild encounter rate is halved in a sandstorm."
dugtrio,149,7,333,ground,arena-trap,https://pokeapi.co/api/v2/ability/71/,False,2,"While this Pokémon is in battle, opposing Pokémon cannot flee or switch out.  flying-type Pokémon and Pokémon in the air, e.g. due to levitate or magnet rise, are unaffected.

Pokémon with run away can still flee.  Pokémon can still switch out with the use of a move or item.

Overworld: If the lead Pokémon has this ability, the wild encounter rate is doubled."
dugtrio,149,7,333,ground,sand-force,https://pokeapi.co/api/v2/ability/159/,True,3,"During a sandstorm, this Pokémon's rock-, ground-, and steel-type moves have 1.3× their base power.  This Pokémon does not take sandstorm damage, regardless of type."
meowth,58,4,42,normal,pickup,https://pokeapi.co/api/v2/ability/53/,False,1,"At the end of each turn, if another Pokémon consumed or Flung a held item that turn, this Pokémon picks up the item if it is not already holding one.  After each battle, this Pokémon has a 10% chance of picking up an item if it is not already holding one.

The air balloon and eject button cannot be picked up.

The items that may be found vary by game, and, since Pokémon Emerald, by the Pokémon's level.  This ability is checked after the battle ends, at which point any temporary ability changes have worn off."
meowth,58,4,42,normal,technician,https://pokeapi.co/api/v2/ability/101/,False,2,"This Pokémon's moves have 1.5× their power if their base power is 60 or less.

This includes moves of variable power, such as hidden power and magnitude, when their power is 60 or less.  helping hand's power boost is taken into account for any move, as is defense curl's power boost for rollout."
meowth,58,4,42,normal,unnerve,https://pokeapi.co/api/v2/ability/127/,True,3,"Opposing Pokémon cannot eat held Berries while this Pokémon is in battle.

Affected Pokémon can still use bug bite or pluck to eat a target's Berry."
persian,154,10,320,normal,limber,https://pokeapi.co/api/v2/ability/7/,False,1,"This Pokémon cannot be paralyzed.

If a Pokémon is paralyzed and acquires this ability, its paralysis is healed; this includes when regaining a lost ability upon leaving battle."
persian,154,10,320,normal,technician,https://pokeapi.co/api/v2/ability/101/,False,2,"This Pokémon's moves have 1.5× their power if their base power is 60 or less.

This includes moves of variable power, such as hidden power and magnitude, when their power is 60 or less.  helping hand's power boost is taken into account for any move, as is defense curl's power boost for rollout."
persian,154,10,320,normal,unnerve,https://pokeapi.co/api/v2/ability/127/,True,3,"Opposing Pokémon cannot eat held Berries while this Pokémon is in battle.

Affected Pokémon can still use bug bite or pluck to eat a target's Berry."
psyduck,64,8,196,water,damp,https://pokeapi.co/api/v2/ability/6/,False,1,"While this Pokémon is in battle, self destruct and explosion will fail and aftermath will not take effect."
psyduck,64,8,196,water,cloud-nine,https://pokeapi.co/api/v2/ability/13/,False,2,"While this Pokémon is in battle, weather can still be in play, but will not have any of its effects.

This ability functions identically to air lock."
psyduck,64,8,196,water,swift-swim,https://pokeapi.co/api/v2/ability/33/,True,3,"This Pokémon's Speed is doubled during rain.

This bonus does not count as a stat modifier."
golduck,175,17,766,water,damp,https://pokeapi.co/api/v2/ability/6/,False,1,"While this Pokémon is in battle, self destruct and explosion will fail and aftermath will not take effect."
golduck,175,17,766,water,cloud-nine,https://pokeapi.co/api/v2/ability/13/,False,2,"While this Pokémon is in battle, weather can still be in play, but will not have any of its effects.

This ability functions identically to air lock."
golduck,175,17,766,water,swift-swim,https://pokeapi.co/api/v2/ability/33/,True,3,"This Pokémon's Speed is doubled during rain.

This bonus does not count as a stat modifier."
mankey,61,5,280,fighting,vital-spirit,https://pokeapi.co/api/v2/ability/72/,False,1,"This Pokémon cannot be asleep.

This causes rest to fail altogether.  If a Pokémon is asleep and acquires this ability, it will immediately wake up; this includes when regaining a lost ability upon leaving battle.

This ability functions identically to insomnia in battle.

Overworld: If the lead Pokémon has this ability, higher-levelled Pokémon have their encounter rate increased."
mankey,61,5,280,fighting,anger-point,https://pokeapi.co/api/v2/ability/83/,False,2,"Whenever this Pokémon receives a critical hit, its Attack rises to the maximum of 6 stages.

This ability will still take effect if the critical hit is received by a substitute."
mankey,61,5,280,fighting,defiant,https://pokeapi.co/api/v2/ability/128/,True,3,"When any of this Pokémon's stats are lowered, its Attack rises by two stages.

If multiple stats are lowered at once, this ability takes effect with each stat lowered."
primeape,159,10,320,fighting,vital-spirit,https://pokeapi.co/api/v2/ability/72/,False,1,"This Pokémon cannot be asleep.

This causes rest to fail altogether.  If a Pokémon is asleep and acquires this ability, it will immediately wake up; this includes when regaining a lost ability upon leaving battle.

This ability functions identically to insomnia in battle.

Overworld: If the lead Pokémon has this ability, higher-levelled Pokémon have their encounter rate increased."
primeape,159,10,320,fighting,anger-point,https://pokeapi.co/api/v2/ability/83/,False,2,"Whenever this Pokémon receives a critical hit, its Attack rises to the maximum of 6 stages.

This ability will still take effect if the critical hit is received by a substitute."
primeape,159,10,320,fighting,defiant,https://pokeapi.co/api/v2/ability/128/,True,3,"When any of this Pokémon's stats are lowered, its Attack rises by two stages.

If multiple stats are lowered at once, this ability takes effect with each stat lowered."
growlithe,70,7,190,fire,intimidate,https://pokeapi.co/api/v2/ability/22/,False,1,"When this Pokémon enters battle, the opponent's Attack is lowered by one stage.  In a double battle, both opponents are affected.

This ability also takes effect when acquired during a battle, but will not take effect again if lost and reobtained without leaving battle.

This ability has no effect on an opponent that has a substitute.

Overworld: If the first Pokémon in the party has this ability, any random encounter with a Pokémon five or more levels lower than it has a 50% chance of being skipped."
growlithe,70,7,190,fire,flash-fire,https://pokeapi.co/api/v2/ability/18/,False,2,"This Pokémon is immune to fire-type moves.  Once this Pokémon has been hit by a Fire move, its own Fire moves will inflict 1.5× as much damage until it leaves battle.

This ability has no effect while the Pokémon is frozen.  The Fire damage bonus is retained even if the Pokémon is frozen and thawed or the ability is lost or disabled.  Fire moves will ignore this Pokémon's substitute.  This ability takes effect even on non-damaging moves, i.e. will o wisp."
growlithe,70,7,190,fire,justified,https://pokeapi.co/api/v2/ability/154/,True,3,"Whenever a dark-type move hits this Pokémon, its Attack rises one stage.

The move is not negated in any way."
arcanine,194,19,1550,fire,intimidate,https://pokeapi.co/api/v2/ability/22/,False,1,"When this Pokémon enters battle, the opponent's Attack is lowered by one stage.  In a double battle, both opponents are affected.

This ability also takes effect when acquired during a battle, but will not take effect again if lost and reobtained without leaving battle.

This ability has no effect on an opponent that has a substitute.

Overworld: If the first Pokémon in the party has this ability, any random encounter with a Pokémon five or more levels lower than it has a 50% chance of being skipped."
arcanine,194,19,1550,fire,flash-fire,https://pokeapi.co/api/v2/ability/18/,False,2,"This Pokémon is immune to fire-type moves.  Once this Pokémon has been hit by a Fire move, its own Fire moves will inflict 1.5× as much damage until it leaves battle.

This ability has no effect while the Pokémon is frozen.  The Fire damage bonus is retained even if the Pokémon is frozen and thawed or the ability is lost or disabled.  Fire moves will ignore this Pokémon's substitute.  This ability takes effect even on non-damaging moves, i.e. will o wisp."
arcanine,194,19,1550,fire,justified,https://pokeapi.co/api/v2/ability/154/,True,3,"Whenever a dark-type move hits this Pokémon, its Attack rises one stage.

The move is not negated in any way."
poliwag,60,6,124,water,water-absorb,https://pokeapi.co/api/v2/ability/11/,False,1,"Whenever a water-type move hits this Pokémon, it heals for 1/4 of its maximum HP, negating any other effect on it.

Water moves will ignore this Pokémon's substitute."
poliwag,60,6,124,water,damp,https://pokeapi.co/api/v2/ability/6/,False,2,"While this Pokémon is in battle, self destruct and explosion will fail and aftermath will not take effect."
poliwag,60,6,124,water,swift-swim,https://pokeapi.co/api/v2/ability/33/,True,3,"This Pokémon's Speed is doubled during rain.

This bonus does not count as a stat modifier."
poliwhirl,135,10,200,water,water-absorb,https://pokeapi.co/api/v2/ability/11/,False,1,"Whenever a water-type move hits this Pokémon, it heals for 1/4 of its maximum HP, negating any other effect on it.

Water moves will ignore this Pokémon's substitute."
poliwhirl,135,10,200,water,damp,https://pokeapi.co/api/v2/ability/6/,False,2,"While this Pokémon is in battle, self destruct and explosion will fail and aftermath will not take effect."
poliwhirl,135,10,200,water,swift-swim,https://pokeapi.co/api/v2/ability/33/,True,3,"This Pokémon's Speed is doubled during rain.

This bonus does not count as a stat modifier."
poliwrath,230,13,540,"water , fighting",water-absorb,https://pokeapi.co/api/v2/ability/11/,False,1,"Whenever a water-type move hits this Pokémon, it heals for 1/4 of its maximum HP, negating any other effect on it.

Water moves will ignore this Pokémon's substitute."
poliwrath,230,13,540,"water , fighting",damp,https://pokeapi.co/api/v2/ability/6/,False,2,"While this Pokémon is in battle, self destruct and explosion will fail and aftermath will not take effect."
poliwrath,230,13,540,"water , fighting",swift-swim,https://pokeapi.co/api/v2/ability/33/,True,3,"This Pokémon's Speed is doubled during rain.

This bonus does not count as a stat modifier."
abra,62,9,195,psychic,synchronize,https://pokeapi.co/api/v2/ability/28/,False,1,"Whenever this Pokémon is burned, paralyzed, or poisoned, the Pokémon who gave this Pokémon that ailment is also given the ailment.

This ability passes back bad poison when this Pokémon is badly poisoned.  This ability cannot pass on a status ailment that the Pokémon did not directly receive from another Pokémon, such as the poison from toxic spikes or the burn from a flame orb.

Overworld: If the lead Pokémon has this ability, wild Pokémon have a 50% chance of having the lead Pokémon's nature, and a 50% chance of being given a random nature as usual, including the lead Pokémon's nature.  This does not work on Pokémon received outside of battle or roaming legendaries."
abra,62,9,195,psychic,inner-focus,https://pokeapi.co/api/v2/ability/39/,False,2,This Pokémon cannot flinch.
abra,62,9,195,psychic,magic-guard,https://pokeapi.co/api/v2/ability/98/,True,3,"This Pokémon is immune to damage not directly caused by a move.

For example, this Pokémon takes no damage from from weather, recoil, status ailments, or spikes, but it still suffers from the Attack cut when burned, and a life orb will still power up this Pokémon's moves without damaging it.  Anything that directly depends on such damage will also not happen; for example, leech seed will neither hurt this Pokémon nor heal the opponent, and Pokémon with a jaboca berry or rowap berry will not consume the berry when hit by this Pokémon.

The following are unaffected: struggle, pain split (whether used by or against this Pokémon), belly drum, substitute, curse, moves that knock the user out, and damage from confusion.

This Pokémon will neither lose nor regain HP if it drains HP from a Pokémon with liquid ooze.

If this Pokémon is badly poisoned, the poison counter is still increased each turn; if the Pokémon loses this ability, it will begin taking as much damage as it would be if it had been taking increasing damage each turn."
kadabra,140,13,565,psychic,synchronize,https://pokeapi.co/api/v2/ability/28/,False,1,"Whenever this Pokémon is burned, paralyzed, or poisoned, the Pokémon who gave this Pokémon that ailment is also given the ailment.

This ability passes back bad poison when this Pokémon is badly poisoned.  This ability cannot pass on a status ailment that the Pokémon did not directly receive from another Pokémon, such as the poison from toxic spikes or the burn from a flame orb.

Overworld: If the lead Pokémon has this ability, wild Pokémon have a 50% chance of having the lead Pokémon's nature, and a 50% chance of being given a random nature as usual, including the lead Pokémon's nature.  This does not work on Pokémon received outside of battle or roaming legendaries."
kadabra,140,13,565,psychic,inner-focus,https://pokeapi.co/api/v2/ability/39/,False,2,This Pokémon cannot flinch.
kadabra,140,13,565,psychic,magic-guard,https://pokeapi.co/api/v2/ability/98/,True,3,"This Pokémon is immune to damage not directly caused by a move.

For example, this Pokémon takes no damage from from weather, recoil, status ailments, or spikes, but it still suffers from the Attack cut when burned, and a life orb will still power up this Pokémon's moves without damaging it.  Anything that directly depends on such damage will also not happen; for example, leech seed will neither hurt this Pokémon nor heal the opponent, and Pokémon with a jaboca berry or rowap berry will not consume the berry when hit by this Pokémon.

The following are unaffected: struggle, pain split (whether used by or against this Pokémon), belly drum, substitute, curse, moves that knock the user out, and damage from confusion.

This Pokémon will neither lose nor regain HP if it drains HP from a Pokémon with liquid ooze.

If this Pokémon is badly poisoned, the poison counter is still increased each turn; if the Pokémon loses this ability, it will begin taking as much damage as it would be if it had been taking increasing damage each turn."
alakazam,225,15,480,psychic,synchronize,https://pokeapi.co/api/v2/ability/28/,False,1,"Whenever this Pokémon is burned, paralyzed, or poisoned, the Pokémon who gave this Pokémon that ailment is also given the ailment.

This ability passes back bad poison when this Pokémon is badly poisoned.  This ability cannot pass on a status ailment that the Pokémon did not directly receive from another Pokémon, such as the poison from toxic spikes or the burn from a flame orb.

Overworld: If the lead Pokémon has this ability, wild Pokémon have a 50% chance of having the lead Pokémon's nature, and a 50% chance of being given a random nature as usual, including the lead Pokémon's nature.  This does not work on Pokémon received outside of battle or roaming legendaries."
alakazam,225,15,480,psychic,inner-focus,https://pokeapi.co/api/v2/ability/39/,False,2,This Pokémon cannot flinch.
alakazam,225,15,480,psychic,magic-guard,https://pokeapi.co/api/v2/ability/98/,True,3,"This Pokémon is immune to damage not directly caused by a move.

For example, this Pokémon takes no damage from from weather, recoil, status ailments, or spikes, but it still suffers from the Attack cut when burned, and a life orb will still power up this Pokémon's moves without damaging it.  Anything that directly depends on such damage will also not happen; for example, leech seed will neither hurt this Pokémon nor heal the opponent, and Pokémon with a jaboca berry or rowap berry will not consume the berry when hit by this Pokémon.

The following are unaffected: struggle, pain split (whether used by or against this Pokémon), belly drum, substitute, curse, moves that knock the user out, and damage from confusion.

This Pokémon will neither lose nor regain HP if it drains HP from a Pokémon with liquid ooze.

If this Pokémon is badly poisoned, the poison counter is still increased each turn; if the Pokémon loses this ability, it will begin taking as much damage as it would be if it had been taking increasing damage each turn."
machop,61,8,195,fighting,guts,https://pokeapi.co/api/v2/ability/62/,False,1,"Whenever this Pokémon is asleep, burned, paralyzed, or poisoned, it has 1.5× its Attack.  This Pokémon is not affected by the usual Attack cut from a burn.

This bonus does not count as a stat modifier."
machop,61,8,195,fighting,no-guard,https://pokeapi.co/api/v2/ability/99/,False,2,"Moves used by or against this Pokémon never miss.

One-hit KO moves are unaffected.  Moves affected by this ability can hit Pokémon during the preparation turn of moves like dig or fly.

Overworld: If the lead Pokémon has this ability, the wild encounter rate is doubled."
machop,61,8,195,fighting,steadfast,https://pokeapi.co/api/v2/ability/80/,True,3,"Whenever this Pokémon flinches, its Speed rises one stage."
machoke,142,15,705,fighting,guts,https://pokeapi.co/api/v2/ability/62/,False,1,"Whenever this Pokémon is asleep, burned, paralyzed, or poisoned, it has 1.5× its Attack.  This Pokémon is not affected by the usual Attack cut from a burn.

This bonus does not count as a stat modifier."
machoke,142,15,705,fighting,no-guard,https://pokeapi.co/api/v2/ability/99/,False,2,"Moves used by or against this Pokémon never miss.

One-hit KO moves are unaffected.  Moves affected by this ability can hit Pokémon during the preparation turn of moves like dig or fly.

Overworld: If the lead Pokémon has this ability, the wild encounter rate is doubled."
machoke,142,15,705,fighting,steadfast,https://pokeapi.co/api/v2/ability/80/,True,3,"Whenever this Pokémon flinches, its Speed rises one stage."
machamp,227,16,1300,fighting,guts,https://pokeapi.co/api/v2/ability/62/,False,1,"Whenever this Pokémon is asleep, burned, paralyzed, or poisoned, it has 1.5× its Attack.  This Pokémon is not affected by the usual Attack cut from a burn.

This bonus does not count as a stat modifier."
machamp,227,16,1300,fighting,no-guard,https://pokeapi.co/api/v2/ability/99/,False,2,"Moves used by or against this Pokémon never miss.

One-hit KO moves are unaffected.  Moves affected by this ability can hit Pokémon during the preparation turn of moves like dig or fly.

Overworld: If the lead Pokémon has this ability, the wild encounter rate is doubled."
machamp,227,16,1300,fighting,steadfast,https://pokeapi.co/api/v2/ability/80/,True,3,"Whenever this Pokémon flinches, its Speed rises one stage."
bellsprout,60,7,40,"grass , poison",chlorophyll,https://pokeapi.co/api/v2/ability/34/,False,1,"This Pokémon's Speed is doubled during strong sunlight.

This bonus does not count as a stat modifier."
bellsprout,60,7,40,"grass , poison",gluttony,https://pokeapi.co/api/v2/ability/82/,True,3,"This Pokémon eats any held Berry triggered by low HP when it falls below 50% of its HP, regardless of the Berry's usual threshold."
weepinbell,137,10,64,"grass , poison",chlorophyll,https://pokeapi.co/api/v2/ability/34/,False,1,"This Pokémon's Speed is doubled during strong sunlight.

This bonus does not count as a stat modifier."
weepinbell,137,10,64,"grass , poison",gluttony,https://pokeapi.co/api/v2/ability/82/,True,3,"This Pokémon eats any held Berry triggered by low HP when it falls below 50% of its HP, regardless of the Berry's usual threshold."
victreebel,221,17,155,"grass , poison",chlorophyll,https://pokeapi.co/api/v2/ability/34/,False,1,"This Pokémon's Speed is doubled during strong sunlight.

This bonus does not count as a stat modifier."
victreebel,221,17,155,"grass , poison",gluttony,https://pokeapi.co/api/v2/ability/82/,True,3,"This Pokémon eats any held Berry triggered by low HP when it falls below 50% of its HP, regardless of the Berry's usual threshold."
tentacool,67,9,455,"water , poison",clear-body,https://pokeapi.co/api/v2/ability/29/,False,1,"This Pokémon cannot have its stats lowered by other Pokémon.

This ability does not prevent any stat losses other than stat modifiers, such as the Speed cut from paralysis.  This Pokémon can still be passed negative stat modifiers through guard swap, heart swap, or power swap.

This ability functions identically to white smoke in battle."
tentacool,67,9,455,"water , poison",liquid-ooze,https://pokeapi.co/api/v2/ability/64/,False,2,"Whenever a Pokémon would heal after hitting this Pokémon with a leeching move like absorb, it instead loses as many HP as it would usually gain.

dream eater is unaffected."
tentacool,67,9,455,"water , poison",rain-dish,https://pokeapi.co/api/v2/ability/44/,True,3,This Pokémon heals for 1/16 of its maximum HP after each turn during rain.
tentacruel,180,16,550,"water , poison",clear-body,https://pokeapi.co/api/v2/ability/29/,False,1,"This Pokémon cannot have its stats lowered by other Pokémon.

This ability does not prevent any stat losses other than stat modifiers, such as the Speed cut from paralysis.  This Pokémon can still be passed negative stat modifiers through guard swap, heart swap, or power swap.

This ability functions identically to white smoke in battle."
tentacruel,180,16,550,"water , poison",liquid-ooze,https://pokeapi.co/api/v2/ability/64/,False,2,"Whenever a Pokémon would heal after hitting this Pokémon with a leeching move like absorb, it instead loses as many HP as it would usually gain.

dream eater is unaffected."
tentacruel,180,16,550,"water , poison",rain-dish,https://pokeapi.co/api/v2/ability/44/,True,3,This Pokémon heals for 1/16 of its maximum HP after each turn during rain.
geodude,60,4,200,"rock , ground",rock-head,https://pokeapi.co/api/v2/ability/69/,False,1,"This Pokémon does not receive recoil damage from its recoil moves.

struggle's recoil is unaffected.  This ability does not prevent crash damage from missing with jump kick or high jump kick."
geodude,60,4,200,"rock , ground",sturdy,https://pokeapi.co/api/v2/ability/5/,False,2,"When this Pokémon is at full HP, any hit that would knock it out will instead leave it with 1 HP.  Regardless of its current HP, it is also immune to the one-hit KO moves: fissure, guillotine, horn drill, and sheer cold.

If this Pokémon is holding a focus sash, this ability takes precedence and the item will not be consumed."
geodude,60,4,200,"rock , ground",sand-veil,https://pokeapi.co/api/v2/ability/8/,True,3,"During a sandstorm, this Pokémon has 1.25× its evasion, and it does not take sandstorm damage regardless of type.

The evasion bonus does not count as a stat modifier.

Overworld: If the lead Pokémon has this ability, the wild encounter rate is halved in a sandstorm."
graveler,137,10,1050,"rock , ground",rock-head,https://pokeapi.co/api/v2/ability/69/,False,1,"This Pokémon does not receive recoil damage from its recoil moves.

struggle's recoil is unaffected.  This ability does not prevent crash damage from missing with jump kick or high jump kick."
graveler,137,10,1050,"rock , ground",sturdy,https://pokeapi.co/api/v2/ability/5/,False,2,"When this Pokémon is at full HP, any hit that would knock it out will instead leave it with 1 HP.  Regardless of its current HP, it is also immune to the one-hit KO moves: fissure, guillotine, horn drill, and sheer cold.

If this Pokémon is holding a focus sash, this ability takes precedence and the item will not be consumed."
graveler,137,10,1050,"rock , ground",sand-veil,https://pokeapi.co/api/v2/ability/8/,True,3,"During a sandstorm, this Pokémon has 1.25× its evasion, and it does not take sandstorm damage regardless of type.

The evasion bonus does not count as a stat modifier.

Overworld: If the lead Pokémon has this ability, the wild encounter rate is halved in a sandstorm."
golem,223,14,3000,"rock , ground",rock-head,https://pokeapi.co/api/v2/ability/69/,False,1,"This Pokémon does not receive recoil damage from its recoil moves.

struggle's recoil is unaffected.  This ability does not prevent crash damage from missing with jump kick or high jump kick."
golem,223,14,3000,"rock , ground",sturdy,https://pokeapi.co/api/v2/ability/5/,False,2,"When this Pokémon is at full HP, any hit that would knock it out will instead leave it with 1 HP.  Regardless of its current HP, it is also immune to the one-hit KO moves: fissure, guillotine, horn drill, and sheer cold.

If this Pokémon is holding a focus sash, this ability takes precedence and the item will not be consumed."
golem,223,14,3000,"rock , ground",sand-veil,https://pokeapi.co/api/v2/ability/8/,True,3,"During a sandstorm, this Pokémon has 1.25× its evasion, and it does not take sandstorm damage regardless of type.

The evasion bonus does not count as a stat modifier.

Overworld: If the lead Pokémon has this ability, the wild encounter rate is halved in a sandstorm."
ponyta,82,10,300,fire,run-away,https://pokeapi.co/api/v2/ability/50/,False,1,"This Pokémon is always successful fleeing from wild battles, even if trapped by a move or ability."
ponyta,82,10,300,fire,flash-fire,https://pokeapi.co/api/v2/ability/18/,False,2,"This Pokémon is immune to fire-type moves.  Once this Pokémon has been hit by a Fire move, its own Fire moves will inflict 1.5× as much damage until it leaves battle.

This ability has no effect while the Pokémon is frozen.  The Fire damage bonus is retained even if the Pokémon is frozen and thawed or the ability is lost or disabled.  Fire moves will ignore this Pokémon's substitute.  This ability takes effect even on non-damaging moves, i.e. will o wisp."
ponyta,82,10,300,fire,flame-body,https://pokeapi.co/api/v2/ability/49/,True,3,"Whenever a move makes contact with this Pokémon, the move's user has a 30% chance of being burned.

Overworld: If any Pokémon in the party has this ability, each egg in the party has its hatch counter decreased by 2 (rather than 1) each step cycle, making eggs hatch roughly twice as quickly.  This effect does not stack if multiple Pokémon have this ability or magma armor."
rapidash,175,17,950,fire,run-away,https://pokeapi.co/api/v2/ability/50/,False,1,"This Pokémon is always successful fleeing from wild battles, even if trapped by a move or ability."
rapidash,175,17,950,fire,flash-fire,https://pokeapi.co/api/v2/ability/18/,False,2,"This Pokémon is immune to fire-type moves.  Once this Pokémon has been hit by a Fire move, its own Fire moves will inflict 1.5× as much damage until it leaves battle.

This ability has no effect while the Pokémon is frozen.  The Fire damage bonus is retained even if the Pokémon is frozen and thawed or the ability is lost or disabled.  Fire moves will ignore this Pokémon's substitute.  This ability takes effect even on non-damaging moves, i.e. will o wisp."
rapidash,175,17,950,fire,flame-body,https://pokeapi.co/api/v2/ability/49/,True,3,"Whenever a move makes contact with this Pokémon, the move's user has a 30% chance of being burned.

Overworld: If any Pokémon in the party has this ability, each egg in the party has its hatch counter decreased by 2 (rather than 1) each step cycle, making eggs hatch roughly twice as quickly.  This effect does not stack if multiple Pokémon have this ability or magma armor."
slowpoke,63,12,360,"water , psychic",oblivious,https://pokeapi.co/api/v2/ability/12/,False,1,"This Pokémon cannot be infatuated and is immune to captivate.

If a Pokémon is infatuated and acquires this ability, its infatuation is cleared."
slowpoke,63,12,360,"water , psychic",own-tempo,https://pokeapi.co/api/v2/ability/20/,False,2,"This Pokémon cannot be confused.

If a Pokémon is confused and acquires this ability, its confusion will immediately be healed."
slowpoke,63,12,360,"water , psychic",regenerator,https://pokeapi.co/api/v2/ability/144/,True,3,"This Pokémon regains 1/3 of its maximum HP when it is switched out for another Pokémon under any circumstances other than having fainted.

This ability does not take effect when a battle ends."
slowbro,172,16,785,"water , psychic",oblivious,https://pokeapi.co/api/v2/ability/12/,False,1,"This Pokémon cannot be infatuated and is immune to captivate.

If a Pokémon is infatuated and acquires this ability, its infatuation is cleared."
slowbro,172,16,785,"water , psychic",own-tempo,https://pokeapi.co/api/v2/ability/20/,False,2,"This Pokémon cannot be confused.

If a Pokémon is confused and acquires this ability, its confusion will immediately be healed."
slowbro,172,16,785,"water , psychic",regenerator,https://pokeapi.co/api/v2/ability/144/,True,3,"This Pokémon regains 1/3 of its maximum HP when it is switched out for another Pokémon under any circumstances other than having fainted.

This ability does not take effect when a battle ends."
magnemite,65,3,60,"electric , steel",magnet-pull,https://pokeapi.co/api/v2/ability/42/,False,1,"While this Pokémon is in battle, opposing steel-type Pokémon cannot flee or switch out.

Pokémon with run away can still flee.  Pokémon can still switch out with the use of a move or item.

Overworld: If the lead Pokémon has this ability, Steel-type Pokémon have a higher encounter rate."
magnemite,65,3,60,"electric , steel",sturdy,https://pokeapi.co/api/v2/ability/5/,False,2,"When this Pokémon is at full HP, any hit that would knock it out will instead leave it with 1 HP.  Regardless of its current HP, it is also immune to the one-hit KO moves: fissure, guillotine, horn drill, and sheer cold.

If this Pokémon is holding a focus sash, this ability takes precedence and the item will not be consumed."
magnemite,65,3,60,"electric , steel",analytic,https://pokeapi.co/api/v2/ability/148/,True,3,"This Pokémon's moves have 1.3× their power when it moves last in a turn.

future sight and doom desire are unaffected."
magneton,163,10,600,"electric , steel",magnet-pull,https://pokeapi.co/api/v2/ability/42/,False,1,"While this Pokémon is in battle, opposing steel-type Pokémon cannot flee or switch out.

Pokémon with run away can still flee.  Pokémon can still switch out with the use of a move or item.

Overworld: If the lead Pokémon has this ability, Steel-type Pokémon have a higher encounter rate."
magneton,163,10,600,"electric , steel",sturdy,https://pokeapi.co/api/v2/ability/5/,False,2,"When this Pokémon is at full HP, any hit that would knock it out will instead leave it with 1 HP.  Regardless of its current HP, it is also immune to the one-hit KO moves: fissure, guillotine, horn drill, and sheer cold.

If this Pokémon is holding a focus sash, this ability takes precedence and the item will not be consumed."
magneton,163,10,600,"electric , steel",analytic,https://pokeapi.co/api/v2/ability/148/,True,3,"This Pokémon's moves have 1.3× their power when it moves last in a turn.

future sight and doom desire are unaffected."
farfetchd,132,8,150,"normal , flying",keen-eye,https://pokeapi.co/api/v2/ability/51/,False,1,"This Pokémon cannot have its accuracy lowered.

This ability does not prevent any accuracy losses other than stat modifiers, such as the accuracy cut from fog; nor does it prevent other Pokémon's evasion from making this Pokémon's moves less accurate.  This Pokémon can still be passed negative accuracy modifiers through heart swap.

Overworld: If the first Pokémon in the party has this ability, any random encounter with a Pokémon five or more levels lower than it has a 50% chance of being skipped."
farfetchd,132,8,150,"normal , flying",inner-focus,https://pokeapi.co/api/v2/ability/39/,False,2,This Pokémon cannot flinch.
farfetchd,132,8,150,"normal , flying",defiant,https://pokeapi.co/api/v2/ability/128/,True,3,"When any of this Pokémon's stats are lowered, its Attack rises by two stages.

If multiple stats are lowered at once, this ability takes effect with each stat lowered."
doduo,62,14,392,"normal , flying",run-away,https://pokeapi.co/api/v2/ability/50/,False,1,"This Pokémon is always successful fleeing from wild battles, even if trapped by a move or ability."
doduo,62,14,392,"normal , flying",early-bird,https://pokeapi.co/api/v2/ability/48/,False,2,"This Pokémon's remaining sleep turn count falls by 2 rather than 1.

If this Pokémon's sleep counter is at 1, it will fall to 0 and then the Pokémon will wake up."
doduo,62,14,392,"normal , flying",tangled-feet,https://pokeapi.co/api/v2/ability/77/,True,3,"When this Pokémon is confused, it has twice its evasion."
dodrio,165,18,852,"normal , flying",run-away,https://pokeapi.co/api/v2/ability/50/,False,1,"This Pokémon is always successful fleeing from wild battles, even if trapped by a move or ability."
dodrio,165,18,852,"normal , flying",early-bird,https://pokeapi.co/api/v2/ability/48/,False,2,"This Pokémon's remaining sleep turn count falls by 2 rather than 1.

If this Pokémon's sleep counter is at 1, it will fall to 0 and then the Pokémon will wake up."
dodrio,165,18,852,"normal , flying",tangled-feet,https://pokeapi.co/api/v2/ability/77/,True,3,"When this Pokémon is confused, it has twice its evasion."
seel,65,11,900,water,thick-fat,https://pokeapi.co/api/v2/ability/47/,False,1,This Pokémon takes half as much damage from fire- and ice-type moves.
seel,65,11,900,water,hydration,https://pokeapi.co/api/v2/ability/93/,False,2,This Pokémon is cured of any major status ailment after each turn during rain.
seel,65,11,900,water,ice-body,https://pokeapi.co/api/v2/ability/115/,True,3,"This Pokémon heals for 1/16 of its maximum HP after each turn during hail, and it does not take hail damage regardless of type."
dewgong,166,17,1200,"water , ice",thick-fat,https://pokeapi.co/api/v2/ability/47/,False,1,This Pokémon takes half as much damage from fire- and ice-type moves.
dewgong,166,17,1200,"water , ice",hydration,https://pokeapi.co/api/v2/ability/93/,False,2,This Pokémon is cured of any major status ailment after each turn during rain.
dewgong,166,17,1200,"water , ice",ice-body,https://pokeapi.co/api/v2/ability/115/,True,3,"This Pokémon heals for 1/16 of its maximum HP after each turn during hail, and it does not take hail damage regardless of type."
grimer,65,9,300,poison,stench,https://pokeapi.co/api/v2/ability/1/,False,1,"This Pokémon's damaging moves have a 10% chance to make the target flinch with each hit if they do not already cause flinching as a secondary effect.

This ability does not stack with a held item.

Overworld: The wild encounter rate is halved while this Pokémon is first in the party."
grimer,65,9,300,poison,sticky-hold,https://pokeapi.co/api/v2/ability/60/,False,2,"This Pokémon's hold item cannot be removed by other Pokémon.

Damaging moves that would remove this Pokémon's item can still inflict damage against this Pokémon, e.g. knock off or pluck.  This Pokémon can still use moves that involve the loss of its own item, e.g. fling or trick.

Overworld: If the lead Pokémon has this ability, the encounter rate while fishing is increased."
grimer,65,9,300,poison,poison-touch,https://pokeapi.co/api/v2/ability/143/,True,3,"This Pokémon's contact moves have a 30% chance of poisoning the target with each hit.

This counts as an extra effect for the purposes of shield dust.  This ability takes effect before mummy."
muk,175,12,300,poison,stench,https://pokeapi.co/api/v2/ability/1/,False,1,"This Pokémon's damaging moves have a 10% chance to make the target flinch with each hit if they do not already cause flinching as a secondary effect.

This ability does not stack with a held item.

Overworld: The wild encounter rate is halved while this Pokémon is first in the party."
muk,175,12,300,poison,sticky-hold,https://pokeapi.co/api/v2/ability/60/,False,2,"This Pokémon's hold item cannot be removed by other Pokémon.

Damaging moves that would remove this Pokémon's item can still inflict damage against this Pokémon, e.g. knock off or pluck.  This Pokémon can still use moves that involve the loss of its own item, e.g. fling or trick.

Overworld: If the lead Pokémon has this ability, the encounter rate while fishing is increased."
muk,175,12,300,poison,poison-touch,https://pokeapi.co/api/v2/ability/143/,True,3,"This Pokémon's contact moves have a 30% chance of poisoning the target with each hit.

This counts as an extra effect for the purposes of shield dust.  This ability takes effect before mummy."
shellder,61,3,40,water,shell-armor,https://pokeapi.co/api/v2/ability/75/,False,1,"Moves cannot score critical hits against this Pokémon.

This ability functions identically to battle armor."
shellder,61,3,40,water,skill-link,https://pokeapi.co/api/v2/ability/92/,False,2,"This Pokémon always hits five times with two-to-five-hit moves, such as icicle spear.  It also bypasses the accuracy checks on triple kick's second and third hits."
shellder,61,3,40,water,overcoat,https://pokeapi.co/api/v2/ability/142/,True,3,This Pokémon does not take damage from weather.
cloyster,184,15,1325,"water , ice",shell-armor,https://pokeapi.co/api/v2/ability/75/,False,1,"Moves cannot score critical hits against this Pokémon.

This ability functions identically to battle armor."
cloyster,184,15,1325,"water , ice",skill-link,https://pokeapi.co/api/v2/ability/92/,False,2,"This Pokémon always hits five times with two-to-five-hit moves, such as icicle spear.  It also bypasses the accuracy checks on triple kick's second and third hits."
cloyster,184,15,1325,"water , ice",overcoat,https://pokeapi.co/api/v2/ability/142/,True,3,This Pokémon does not take damage from weather.
gastly,62,13,1,"ghost , poison",levitate,https://pokeapi.co/api/v2/ability/26/,False,1,"This Pokémon is immune to ground-type moves, spikes, toxic spikes, and arena trap.

This ability is disabled during gravity or ingrain, or while holding an iron ball.  This ability is not disabled during roost."
haunter,142,16,1,"ghost , poison",levitate,https://pokeapi.co/api/v2/ability/26/,False,1,"This Pokémon is immune to ground-type moves, spikes, toxic spikes, and arena trap.

This ability is disabled during gravity or ingrain, or while holding an iron ball.  This ability is not disabled during roost."
gengar,225,15,405,"ghost , poison",cursed-body,https://pokeapi.co/api/v2/ability/130/,False,1,Moves that hit this Pokémon have a 30% chance of being Disabled afterward.
onix,77,88,2100,"rock , ground",rock-head,https://pokeapi.co/api/v2/ability/69/,False,1,"This Pokémon does not receive recoil damage from its recoil moves.

struggle's recoil is unaffected.  This ability does not prevent crash damage from missing with jump kick or high jump kick."
onix,77,88,2100,"rock , ground",sturdy,https://pokeapi.co/api/v2/ability/5/,False,2,"When this Pokémon is at full HP, any hit that would knock it out will instead leave it with 1 HP.  Regardless of its current HP, it is also immune to the one-hit KO moves: fissure, guillotine, horn drill, and sheer cold.

If this Pokémon is holding a focus sash, this ability takes precedence and the item will not be consumed."
onix,77,88,2100,"rock , ground",weak-armor,https://pokeapi.co/api/v2/ability/133/,True,3,"Whenever a physical move hits this Pokémon, its Speed rises one stage and its Defense falls one stage.

This ability triggers on every hit of a multiple-hit move."
drowzee,66,10,324,psychic,insomnia,https://pokeapi.co/api/v2/ability/15/,False,1,"This Pokémon cannot be asleep.

This causes rest to fail altogether.  If a Pokémon is asleep and acquires this ability, it will immediately wake up; this includes when regaining a lost ability upon leaving battle.

This ability functions identically to vital spirit in battle."
drowzee,66,10,324,psychic,forewarn,https://pokeapi.co/api/v2/ability/108/,False,2,"When this Pokémon enters battle, it reveals the move with the highest base power known by any opposing Pokémon to all participating trainers.

In the event of a tie, one is chosen at random.

Moves without a listed base power are assigned one as follows:

Power | Moves
----: | -----
  160 | One-hit KO moves: fissure, guillotine, horn drill, and sheer cold
  120 | Counter moves: counter, metal burst, and mirror coat
   80 | Variable power or set damage: crush grip, dragon rage, electro ball, endeavor, final gambit, flail, frustration, grass knot, gyro ball, heat crash, heavy slam, hidden power, low kick, natural gift, night shade, psywave, return, reversal, seismic toss, sonic boom, trump card, and wring out
    0 | Any such move not listed
"
drowzee,66,10,324,psychic,inner-focus,https://pokeapi.co/api/v2/ability/39/,True,3,This Pokémon cannot flinch.
hypno,169,16,756,psychic,insomnia,https://pokeapi.co/api/v2/ability/15/,False,1,"This Pokémon cannot be asleep.

This causes rest to fail altogether.  If a Pokémon is asleep and acquires this ability, it will immediately wake up; this includes when regaining a lost ability upon leaving battle.

This ability functions identically to vital spirit in battle."
hypno,169,16,756,psychic,forewarn,https://pokeapi.co/api/v2/ability/108/,False,2,"When this Pokémon enters battle, it reveals the move with the highest base power known by any opposing Pokémon to all participating trainers.

In the event of a tie, one is chosen at random.

Moves without a listed base power are assigned one as follows:

Power | Moves
----: | -----
  160 | One-hit KO moves: fissure, guillotine, horn drill, and sheer cold
  120 | Counter moves: counter, metal burst, and mirror coat
   80 | Variable power or set damage: crush grip, dragon rage, electro ball, endeavor, final gambit, flail, frustration, grass knot, gyro ball, heat crash, heavy slam, hidden power, low kick, natural gift, night shade, psywave, return, reversal, seismic toss, sonic boom, trump card, and wring out
    0 | Any such move not listed
"
hypno,169,16,756,psychic,inner-focus,https://pokeapi.co/api/v2/ability/39/,True,3,This Pokémon cannot flinch.
krabby,65,4,65,water,hyper-cutter,https://pokeapi.co/api/v2/ability/52/,False,1,"This Pokémon's Attack cannot be lowered by other Pokémon.

This ability does not prevent any Attack losses other than stat modifiers, such as the Attack cut from a burn.  This Pokémon can still be passed negative Attack modifiers through heart swap or power swap."
krabby,65,4,65,water,shell-armor,https://pokeapi.co/api/v2/ability/75/,False,2,"Moves cannot score critical hits against this Pokémon.

This ability functions identically to battle armor."
krabby,65,4,65,water,sheer-force,https://pokeapi.co/api/v2/ability/125/,True,3,"This Pokémon's moves with extra effects have 1.3× their power, but lose their extra effects.

An effect chance is a move's chance to inflict a status ailment, cause a stat change, or make the target flinch in addition to the move's main effect. For example, thunder shock's paralysis is an extra effect, but thunder wave's is not, nor are knock off's item removal and air cutter's increased critical hit rate.

Moves that lower the user's stats are unaffected."
kingler,166,13,600,water,hyper-cutter,https://pokeapi.co/api/v2/ability/52/,False,1,"This Pokémon's Attack cannot be lowered by other Pokémon.

This ability does not prevent any Attack losses other than stat modifiers, such as the Attack cut from a burn.  This Pokémon can still be passed negative Attack modifiers through heart swap or power swap."
kingler,166,13,600,water,shell-armor,https://pokeapi.co/api/v2/ability/75/,False,2,"Moves cannot score critical hits against this Pokémon.

This ability functions identically to battle armor."
kingler,166,13,600,water,sheer-force,https://pokeapi.co/api/v2/ability/125/,True,3,"This Pokémon's moves with extra effects have 1.3× their power, but lose their extra effects.

An effect chance is a move's chance to inflict a status ailment, cause a stat change, or make the target flinch in addition to the move's main effect. For example, thunder shock's paralysis is an extra effect, but thunder wave's is not, nor are knock off's item removal and air cutter's increased critical hit rate.

Moves that lower the user's stats are unaffected."
voltorb,66,5,104,electric,soundproof,https://pokeapi.co/api/v2/ability/43/,False,1,"This Pokémon is immune to moves flagged as being sound-based.

heal bell is unaffected.  uproar still prevents this Pokémon from sleeping.  This Pokémon can still receive a Perish Song counter through baton pass, and will retain a Perish Song counter if it acquires this ability after Perish Song is used.

howl, roar of time, sonic boom, and yawn are not flagged as sound-based."
voltorb,66,5,104,electric,static,https://pokeapi.co/api/v2/ability/9/,False,2,"Whenever a move makes contact with this Pokémon, the move's user has a 30% chance of being paralyzed.

Pokémon that are immune to electric-type moves can still be paralyzed by this ability.

Overworld: If the lead Pokémon has this ability, there is a 50% chance that encounters will be with an electric Pokémon, if applicable."
voltorb,66,5,104,electric,aftermath,https://pokeapi.co/api/v2/ability/106/,True,3,"When this Pokémon is knocked out by a move that makes contact, the move's user takes 1/4 its maximum HP in damage."
